[
    {
        "question": "Do you document all the business processes?",
        "field": "documentProcess",
        "number": 1
    },
    {
        "question": "Business processes are regularly reviewed and updated?",
        "field": "processUpdate",
        "number": 2
    },
    {
        "question": "Do you have a method to manage deviations from documented business processes?",
        "field": "manageDeviations",
        "number": 3
    },
    {
        "question": "Are all business processes communicated to all company personnel?",
        "field": "communicatedProcesses",
        "number": 4
    },
    {
        "question": "Do you have a designated employee appointed for this?",
        "field": "designatedEmployee",
        "number": 5
    }
]