[
    {
        "question": "Does the company have a defined business plan?",
        "field": "businessPlan",
        "number": 1
    },
    {
        "question": "Is the company executing the business plan?",
        "field": "executePlan",
        "number": 2
    },
    {
        "question": "Does the company measure client/customer satisfaction?",
        "field": "clientSatisfaction",
        "number": 3
    },
    {
        "question": "Can you rate the effectiveness of client/customer engagement?",
        "field": "clientEngagement",
        "number": 4 
    }
]