[
    {
        "question": " Do you know how you are going to reach your customers?",
        "field": "reachCustomer",
        "number": 1
    },
    {
        "question": "Do you have a marketing plan in place?",
        "field": "marketingPlan",
        "number": 2
    },
    {
        "question": "Have you developed a network to reach your target audience?",
        "field": "developedNetwork",
        "number": 3
    },
    {
        "question": "Do you provide post-sales customer support?",
        "field": "customerSupport",
        "number": 4
    }
]