[
    {
        "question": "Does your company have the relevant compliance requirements in place?",
        "field": "relevantCompliance",
        "number": 1
    },
    {
        "question": "Does the company have a Quality assurance process in place?",
        "field": "qualityAssurance",
        "number": 2
    },
    {
        "question": "Is your company certified or accredited for the core services offered?",
        "field": "certifiedAccredited",
        "number": 3
    },
    {
        "question": "Is your company certified by SASDC?",
        "field": "certifiedSASDC",
        "number": 4
    }
  
]