[
    {
        "question": "Have the costs involved in delivering the key activities been determined?",
        "field": "deliveryCost",
        "number": 1
    },
    {
        "question": "Have the costs involved in acquiring the key resources been determined?",
        "field": "acquiringCost",
        "number": 2
    },
    {
        "question": "Do you know the costs involved in maintaining customer relationships?",
        "field": "customerRelationship",
        "number": 3
    },
    {
        "question": "Do you know the costs involved in determining and acquiring market segments?",
        "field": "marketSegments",
        "number": 4
    }
]