[
    {
        "question": "Do you know the types of relationships you need to establish with your customer segments?",
        "field": "cusSeg",
        "number": 1
    },
    {
        "question": "Do you have a process for retaining your customer base?",
        "field": "cusBase",
        "number": 2
    },
    {
        "question": "Do you have a system in place for growing your customer base?",
        "field": "growingBase",
        "number": 3
    },
    {
        "question": "Do you have a process for getting your customer base?",
        "field": "processBase",
        "number": 4
    },
    {
        "question": "Do you have a designated Customer Researcher Specialist for this?",
        "field": "designatedCus",
        "number": 5
    }
    
]