[
    {
        "number": 1,
        "question": "Do you know who your product is for?",
        "field": "productOwner"
    },
    {
        "question": "Do you know who is your target market/audience??",
        "field": "tagetAudiance",
        "number": 2
    },
    {

        "question": "Do you know where they are located?",
        "field": "tagetAudianceLocation",
        "number": 3
    },
    {
        "question": "Do you know the Total market size?",
        "field": "tagetMarketSize",
        "number": 4
    },
    {
        "question": " Do you know how you are going to reach your Customer?",
        "field": "cusReach",
        "number": 5
    },
    {
        "question": "Has the company actively identified a competitor in the market?",
        "field": "competitor",
        "number": 6
    },
    {
        "question": "Do you know how much of your market is accessible?",
        "field": "marketAccess",
        "number": 7
    },
    {
        "question": "Do you know how much of your market is in your region/locality?",
        "field": "marketLocation",
        "number": 8
    },
    {
        "question": "Do you have a profile for your ideal customer?",
        "field": "idealCustomer",
        "number": 9
    },
    {
        "question": "Do you know who your most important customers are?",
        "field": "importantCustomer",
        "number": 10
    },
    {
        "question": "Do you have a designated Customer Researcher Specialist for this?",
        "field": "customerReaserch",
        "number": 11
    }
]