[
    {
        "question": "Is there a defined process to pursue potential business opportunities?",
        "field": "pursuePotential",
        "number": 1
    },
    {
        "question": "Does the company have the appropriate technical infrastructure to provide core business offerings?",
        "field": "techInfrastructure",
        "number": 2
    },
    {
        "question": "Can the company show its experience in delivering the service or product?",
        "field": "deliveringExperience",
        "number": 3
    },
    {
        "question": "Does the company provide the required product training to employees?",
        "field": "productTraining",
        "number": 4
    },
    {
        "question": " Can you rank the employees’ level of skill to deliver the products or services?",
        "field": "rankEmployees",
        "number": 5
    },
    {
        "question": " Does the company have dedicated and qualified people to deliver the products and services?",
        "field": "dedicatedQualified",
        "number": 6
    }
]