[
    {
        "question": "Can your company sell products/services online?",
        "field": "canSellOnline",
        "number": 1
    },
    {
        "question": "Does your company sell online?",
        "field": "doesSellOnline",
        "number": 2
    },
    {
        "question": "Do you know how to set up an online shop?",
        "field": "canSetUp",
        "number": 3
    },
    {
        "question": "Do you know how to set up an online presence for your business?",
        "field": "onlinePresence",
        "number": 4
    },
    {
        "question": "Do you have an experienced and knowlegeable person dedicated to e-Commerce in your business?",
        "field": "eComExperience",
        "number": 5
    }
]