[
    {
        "question": "Does the company perform budgeting and forecasting?",
        "field": "budgetForecast",
        "number": 1
    },
    {
        "question": "Does the company perform reconciliations?",
        "field": "reconsiliation",
        "number": 2
    },
    {
        "question": "Does the company implement cash flow management?",
        "field": "cashFlow",
        "number": 3
    },
    {
        "question": "Does the company document the financials of the business?",
        "field": "documentFinancials",
        "number": 4
    },
    {
        "question": "Does the company have a dedicated person responsible for financial management?",
        "field": "FinancialManager",
        "number": 5
    }
]