[
    {
        "question": "Do you know what strategic partnerships the company needs to form, to increase the scalability and efficiency of the business?",
        "field": "strategicPartnership",
        "number": 1
    },
    {
        "question": "Have you determined how each partnership will help the business?",
        "field": "partnerAssist",
        "number": 2
    },
    {
        "question": "Do you have a specific person appointed to develop strategic partnerships?",
        "field": "partnerDevelopment",
        "number": 3
    }
]