[

    {
        "question": "Memo. Of Incorporation: Is a document that sets out the rights, duties and responsibilities of shareholders, directors and others in the company.",
        "field": "incorporationMemo",
        "number": 1
    },
    {
        "question": "Shareholders Agreement: An agreement between the shareholders of the company.",
        "field": "shareholdersAgreement",
        "number": 2
    },
    {
        "question": "Share certificates: Documents given to shareholders within the company",
        "field": "shareCertificates",
        "number": 3
    },
    {
        "question": "Share register: A document that lists the active owners of the shares in a company",
        "field": "shareRegister",
        "number": 4
    }
  
]