[
    {
        "question": "Non-disclosure agreement: A legal contract between two parties that outlines confidential, material, knowledge or information that the parties wish to share with one another for certain purposes, but wish to restrict access to or by third parties.",
        "field": "nda",
        "number": 1
    },
    {
        "question": "Services Agreement: A contract entered into by two parties where one agrees to provide a specified service to the other?",
        "field": "servicesAgreement",
        "number": 2
    },
    {
        "question": "Sub-contractor agreement: An agreement between a contractor and another party that is going to provide services/products to the contractor.",
        "field": "subContractor",
        "number": 3
    },
    {
        "question": "Joint venture/ teaming agree: This is an agreement that involves two or more parties combining resources to bid for a corporate or government contract.",
        "field": "jointVenture",
        "number": 4
    }
]