[
    {
        "question": " Does the company conduct market research?",
        "field": "marketResearch",
        "number": 1
    },
    {
        "question": "Has the company actively identified a competitor in the market?",
        "field": "marketPlaninPlace",
        "number": 2
    },
    {
        "question": "Has the company identified a key competitive advantage?",
        "field": "targetNetwork",
        "number": 3
    },
    {
        "question": "Do you know the company’s product or service differentiation?",
        "field": "postSales",
        "number": 4
    }
]