[
    {
        "question": "Does the company advertise?",
        "field": "companyAd",
        "number": 1
    },
    {
        "question": "Is the company’s advertising effective?",
        "field": "effectiveAd",
        "number": 2
    },
    {
        "question": "Does the company conduct sales planning and developed targets?",
        "field": "planning",
        "number": 3
    },
    {
        "question": "Do you have a price strategy in place?",
        "field": "priceStrategy",
        "number": 4
    },
    {
        "question": "Do you review your pricing strategy often?",
        "field": "priceReview",
        "number": 5
    }
]