[
    {
        "question": "Do the owners/executive management have sufficient experience in providing the product or service?",
        "field": "ownerExperience",
        "number": 1
    },
    {
        "question": "The owners or management of the company are spending most of their time in the company??",
        "field": "ownerTime",
        "number": 2
    },
    {
        "question": "Are the educational qualifications or background experience sufficient to support the delivery of products or services offered?",
        "field": "ownerQualification",
        "number": 3
    }
]