[
    {
        "question": "How are you generating revenue from each customer segment?",
        "field": "generatingRevenue",
        "number": 1
    },
    {
        "question": "Do you know the value that your customers are willing to pay for?",
        "field": "willingPay",
        "number": 2
    },
    {
        "question": "Do you know how your customers are currently paying?",
        "field": "cusPaymentMethod",
        "number": 3
    },
    {
        "question": "Do you know how your customers prefer to pay?",
        "field": "preferedPayment",
        "number": 4
    }
]