[
    {
        "question": "Do you know the problem you are solving?",
        "field": "problem",
        "number": 1
    },
    {
        "question": "Do you know what value you deliver to the customer?",
        "field": "cusValue",
        "number": 2
    },
    {
        "question": "Are you aware of which customer needs you are satisfying?",
        "field": "needsSatisfied",
        "number": 3
    },
    {
        "question": "Can you describe the uniqueness of your product, and show key differences from existing alternatives?",
        "field": "productUniqueness",
        "number": 4
    },
    {
        "question": "Do you have an elevator pitch?",
        "field": "elevatorPitch",
        "number": 5
    }
]